"brand","shoes modul","price"
"aadi","Lightweight,Comfort,Summer,Trendy,Walking,Outdoor,Styli...","?448"
"WHITE WALKERS","Stylish & Trending Outdoor Walking Comfortable Sneakers...","?599"
"Nobelite","Sneakers For Men","?398"
"HOTSTYLE","Trendy & Stylish Loafers For Men","?295"
"PUMA","UP Sneakers For Men","?1,673"
"Sparx","SM-734 Sneakers For Men","?665"
"Chazer","Casual Gym Sports Running partywear Comfortable Shoes F...","?549"
"RapidBox","Sneakers For Men","?589"
"Elevarse","Smart Light Weight Shoe|Daily Wear Shoe|Trending White ...","?419"
"BRUTON","Combo Pack Of 5 Casual Shoes Canvas Shoes For Men","?749"
"aadi","Mesh |Lightweight|Comfort|Summer|Trendy|Walking|Outdoor...","?296"
"WHITE WALKERS","Stylish & Trending Outdoor Walking Comfortable Sneakers...","?599"
"Chazer","Casual Gym Sports Running partywear Comfortable Shoes F...","?549"
"PUMA","Rebound LayUp SL Sneakers For Men","?2,799"
"WAAN","Casual Premium Ankle Length Black Denim Boots Canvas Sh...","?599"
"Chazer","Casual Gym Sports Running partywear Comfortable Shoes F...","?549"
"SFR","High Tops For Men","?369"
"aadi","Mesh |Lightweight|Comfort|Summer|Trendy|Walking|Outdoor...","?296"
"aadi","Lightweight,Comfort,Summer,Trendy,Walking,Outdoor,Styli...","?429"
"BRUTON","Modern Trendy Shoes Sneakers For Men","?349"
"MACTREE","Pro Denim Sneakers For Men","?627"
"aadi","Lightweight,Comfort,Summer,Trendy,Walking,Outdoor,Styli...","?448"
"Nobelite","Sneakers For Men","?398"
"aadi","Synthetic Leather |Lightweight|Comfort|Summer|Trendy|Wa...","?296"
"RealToes","Casuals For Women","?799"
"lejano","High Tops For Men","?447"
"RED TAPE","Sneaker Casual Shoes for Men | Soft Cushioned Insole, S...","?2,069"
"BIRDE","Premium Lofer Shoes Slip On Sneakers For Men","?448"
"Sparx","Men White Sneakers Sneakers For Men","?704"
"LE GREEM","Sneakers For Men","?468"
"Footox","Sneaker for Mens | Casual Shoes | Men Shoes Sneakers Fo...","?399"
"aadi","Lightweight,Comfort,Summer,Trendy,Walking,Outdoor,Styli...","?548"
"RealToes","Casuals For Women","?799"
"EZDEZARIO","Sneakers For Men","?494"
"asian","Sneakers For Men","?622"
"Adiso","ALL STAR canvas ankel length boots Canvas Shoes For Men","?381"
"MACTREE","Highland Boots For Men","?999"
"RapidBox","Sneakers For Men","?695"
"K' Footlance","Loafers For Men","?399"
"aadi","Lightweight,Comfort,Summer,Trendy,Walking,Outdoor,Styli...","?448"
